id,first_name,last_name,email,gender
1,Browsecat,36,89,Female
2,Tazz,11,15,Male
3,Teklist,72,97,Male
4,Edgetag,55,23,Female
5,Bluejam,57,38,Male
6,Devify,69,47,Male
7,Brainverse,56,65,Female
8,Twitterbridge,17,51,Male
9,Oyonder,12,22,Male
10,Skiba,53,39,Female
11,Tekfly,51,75,Female
12,Buzzster,51,10,Male
13,Bluejam,18,53,Male
14,Fivespan,68,22,Female
15,Meevee,64,52,Male
16,Gevee,75,7,Male
17,Babbleblab,52,37,Male
18,Zazio,16,42,Female
19,Realbuzz,18,2,Male
20,Wordtune,83,47,Female
21,Dabjam,38,55,Male
22,Jabbercube,37,57,Female
23,Skippad,37,35,Female
24,Realmix,77,58,Male
25,Geba,90,43,Female
26,Trupe,10,8,Female
27,Twitterworks,94,3,Female
28,Thoughtbridge,6,27,Female
29,Rooxo,84,84,Female
30,Dynazzy,62,87,Female
31,Feedspan,5,96,Male
32,Roombo,62,34,Male
33,Edgepulse,3,36,Female
34,Rhyloo,45,8,Male
35,Kanoodle,25,94,Male
36,Zoonder,66,94,Male
37,Twimbo,35,4,Female
38,Mynte,18,37,Female
39,Browsebug,99,42,Female
40,Youspan,76,16,Male
41,Fanoodle,6,82,Female
42,Wordtune,70,33,Female
43,Wikivu,53,8,Male
44,Zazio,34,62,Female
45,Yozio,15,45,Female
46,Jabbersphere,58,39,Male
47,JumpXS,55,79,Male
48,Babblestorm,88,13,Female
49,Tagtune,33,61,Female
50,Wikido,93,5,Male
51,Ailane,55,52,Male
52,Skibox,48,29,Female
53,Mynte,94,13,Male
54,Dynabox,98,11,Female
55,Ntags,19,22,Female
56,Youfeed,60,17,Female
57,Fliptune,70,62,Female
58,Plambee,68,36,Female
59,Centimia,78,80,Male
60,Devshare,98,10,Male
61,Digitube,57,30,Male
62,JumpXS,85,87,Female
63,Thoughtmix,65,74,Female
64,Babbleopia,14,84,Male
65,Kare,71,3,Female
66,Demimbu,68,45,Female
67,Yabox,64,61,Male
68,Devcast,46,16,Female
69,Eire,49,87,Female
70,Podcat,41,7,Male
71,Ainyx,95,42,Male
72,Bubblemix,8,72,Male
73,Jayo,96,16,Male
74,Feedfire,79,16,Female
75,Skiba,84,53,Male
76,Oyoyo,26,38,Male
77,Dynava,90,99,Female
78,Roodel,57,73,Female
79,Meembee,9,45,Male
80,Oyoyo,38,77,Female
81,Twimbo,38,22,Male
82,Einti,41,41,Female
83,Bluejam,98,46,Female
84,Twitterworks,22,54,Female
85,Browsezoom,77,39,Male
86,Fanoodle,3,21,Male
87,Pixoboo,2,50,Female
88,Twiyo,47,96,Male
89,Skinder,72,25,Female
90,Chatterpoint,93,80,Male
91,Skajo,98,33,Female
92,Topiczoom,22,10,Male
93,Oyoyo,16,39,Female
94,Flashpoint,54,11,Male
95,Eazzy,52,6,Female
96,Zoovu,90,19,Male
97,Skippad,83,94,Female
98,Janyx,73,2,Male
99,Browsetype,5,9,Female
100,Twitternation,72,40,Male
